{
    "run_time": 1000,
    "dt_arbor": 0.01,
    "dt_neuron": 0.01,
    "temp": 35.0,
    "vinit": -70.0,

    "tau1_syn": 0.1,
    "tau2_syn": 16.423438,
    "e_syn":    0.0,

    "gnatbar_ichan2": 0.12,
    "gkfbar_ichan2":  0.013,
    "gkabar_borgka":  0.00015,
    "gncabar_nca":    0.0008,
    "glcabar_lca":    0.005,
    "gskbar_gskch":   0.000002,
    "gkbar_cagk":     0.0002,
    "gl_ichan2":      0.00018,
    "catau_ccanl":    10,
    "caiinf_ccanl":   5.0e-6,

    "ra" : 100,
    "cm" : 1.4,

    "enat":       55,
    "ekf":       -90,
    "ek":        -90,
    "elca":      130,
    "esk":       -90,
    "el_ichan2": -65,
    "cao":         2,

    "seg_res": 0.1,

    "weight": 1.438995e-04,
    "morph_file": "/home/abiakarn/git/usc_neuron/morphologies/output0_updated.swc",

    "spikes" : [
        25.269724183039855, 29.37076391451496, 58.472477010286546, 93.80268485203328,
        112.71090127018375, 142.6472406502223, 293.3318516075217, 456.96763867081177,
        559.0808556112847, 1091.4908947982385, 1265.7627055896965, 1286.3817213526308,
        1726.173576102434, 1744.7268859340948, 2072.358562894649, 2429.33700123744,
        2438.882187257708, 2444.85687651729, 2500.3783411639783, 2523.5435646207175,
        2633.0843793058734, 2663.3213690478333, 3081.2091382891876, 3104.234316785872,
        3209.158889778191, 3311.7494479555003, 3628.0607334944084, 3892.4078916268645,
        3905.382779351989, 3972.478937325283, 4039.5190445966164, 4275.579471624872,
        4761.533462201488, 4875.327265653268, 4946.068519184462, 5186.38947000671,
        5250.193973512949, 5405.921064743746, 6075.548637890089, 6106.605889233615,
        6392.503123563068, 6484.87209757147, 6622.667183819736, 7132.979244248274,
        7214.140067854784, 7632.383314077037, 7662.664989661292, 7663.029726732657,
        8205.521919274834, 8514.66346930178, 8998.325190823954, 9387.223218469393,
        9453.933657798472, 9544.328220467469, 9858.711284584584, 9955.045230553718,
        9956.054906300105
    ]
}
